<assembly xmlns="http://maven.apache.org/plugins/maven-assembly-plugin/assembly/1.1.0" 
          xmlns:xsi="http://www.w3.org/2001/XMLSchema-instance"
          xsi:schemaLocation="http://maven.apache.org/plugins/maven-assembly-plugin/assembly/1.1.0 http://maven.apache.org/xsd/assembly-1.1.0.xsd">

	<id>dist</id>

	<formats>
		<format>zip</format>
	</formats>

	<fileSets>
		<fileSet>
			<directory>${project.basedir}</directory>
			<outputDirectory>/</outputDirectory>
			<includes>
				<include>README.txt</include>
				<include>LICENSE.txt</include>
				<include>CHANGELOG.txt</include>
				<include>pom.xml</include>
				<include>assembly.xml</include>
				<include>Example.java</include>
			</includes>
		</fileSet>
		<fileSet>
			<directory>${project.basedir}/src</directory>
			<useDefaultExcludes>true</useDefaultExcludes>
    		</fileSet>
		<fileSet>
			<directory>${project.build.directory}</directory>
			<outputDirectory>/</outputDirectory>
			<includes>
				<include>*.jar</include>
			</includes>
		</fileSet>
		<fileSet>
			<directory>${project.build.directory}/site/apidocs</directory>
			<outputDirectory>javadoc</outputDirectory>
		</fileSet>
	</fileSets>

	<dependencySets>
		<dependencySet>
			<outputDirectory>/lib</outputDirectory>
			<useProjectArtifact>false</useProjectArtifact>
			<unpack>false</unpack>
			<scope>runtime</scope>
		</dependencySet>
	</dependencySets>
</assembly>